,random_r,random_rmse,fischerz,real_r,real_rmse
Mores 2020,0.17582345183750286,1.7156182871993697,1.4697564942878216e-08,0.08426767662873491,1.0739974121237865
Fraser 2021,0.2945269782251893,0.886030875627017,0.0,0.18382002487927696,0.6541369851067282
Dry Creek 2020,0.19697916064801316,0.9915025918254764,0.5339524625591672,0.20510866035642356,0.7382410700288716
Banner 2021,-0.05709076936261202,1.4393917056302057,0.0,0.41537871427426587,0.8915869451365991
Little Cottonwood 2021,0.3630507633044107,1.6662497111008496,0.0,0.5397881461260303,1.065947341300313
Mores 2021,-0.0945142904677244,1.5712889704863902,0.0,0.3975646400368255,0.9145271045588742
All Sites,0.4342062105012906,1.3399416733345484,0.0,0.4956434714384556,0.8766772441696918
