,random_r,random_rmse,fischerz,real_r,real_rmse
Mores 2020,0.12281910371803244,1.5564003826683321,0.009847501011645443,0.08426767662873491,1.0739974121237865
Fraser 2021,0.19377280840300895,0.8216002691139694,0.13440132569291574,0.18382002487927696,0.6541369851067282
Dry Creek 2020,0.18944667061635306,0.8934026056191179,0.23325708393556943,0.20510866035642356,0.7382410700288716
