,real_r-0,real_rmse-0,mean_snowdepth,fcf_mean,dry_percentage,random_r-0,random_rmse-0,fischerz-0
Mores 2020,0.08426767662873491,1.0739974121237865,1.7877546548843384,0.4862625850340136,0.5741770267486572,,,
Mores 2020-all_random,,,,,,0.018546106218506,1.7280090526706853,0.00013312778672003311
