,random_r-0,random_rmse-0,fischerz-0,real_r-0,real_rmse-0,mean_snowdepth,fcf_mean,dry_percentage,random_r-1,random_rmse-1,fischerz-1,real_r-1,real_rmse-1,random_r-2,random_rmse-2,fischerz-2,real_r-2,real_rmse-2
Mores 2020-all_random,0.12747855859818627,1.7238711287838957,0.038426497023063,0.08426767662873491,1.0739974121237865,1.7877546548843384,0.4862625850340136,0.5741770267486572,0.14141553070478816,1.759991867278423,0.0003076132174180124,0.08426767662873491,1.0739974121237865,0.1900921929676,1.7107126282121707,1.640605429287234e-10,0.08426767662873491,1.0739974121237865
