,real_r-0,real_rmse-0,mean_snowdepth,fcf_mean,dry_percentage,random_r-0,random_rmse-0,fischerz-0,random_r-1,random_rmse-1,fischerz-1,random_r-2,random_rmse-2,fischerz-2
Mores 2020,0.08426767662873491,1.0739974121237865,1.7877546548843384,0.4862625850340136,0.5741770267486572,,,,,,,,,
Mores 2020-all_random,,,,,,0.04232957315348951,1.7152557857423691,0.008891873366241532,0.10842332785540709,1.7226278252951281,0.15580360478360356,0.04668841516470769,1.7220026585576234,0.018716499806897158
Mores 2020-s1_ims_random,,,,,,0.041759726538903294,1.7320569472285292,0.025826046948832504,0.3342757593643034,1.655284624491407,0.0,0.33659129632892576,1.6578834688606006,0.0
Mores 2020-s1_random,,,,,,0.3914520340624165,1.625459258665132,0.0,-0.12618155183593574,1.7603765915868301,0.0,,,
