,random_r,random_rmse,fischerz,real_r,real_rmse
Mores 2020,0.2873142432363177,1.5299953063438239,0.0,0.08426767662873491,1.0739974121237865
Fraser 2021,0.2313498555380185,0.8736653140946037,0.00024421463583168546,0.18382002487927696,0.6541369851067282
Dry Creek 2020,0.036929038618101054,1.094623317003556,0.0,0.20510866035642356,0.7382410700288716
Banner 2021,0.3755948441671662,1.3106388473373831,4.869438186005937e-13,0.41537871427426587,0.8915869451365991
Little Cottonwood 2021,-0.2679844719432548,1.6993511233111964,0.0,0.5397881461260303,1.065947341300313
Mores 2021,0.05789842645456409,1.3731629337356777,0.0,0.39756464003682557,0.9145271045588742
Banner 2020,0.4351988595314644,1.3926039544705526,3.552713678800501e-15,0.40022758224160293,0.9950183007831572
