,random_r,random_rmse,fischerz,real_r,real_rmse,mean_snowdepth,fcf_mean,dry_percentage
Mores 2020,-0.08664651470105013,1.7456359194695472,0.0,0.08426767662873491,1.0739974121237865,1.7877546548843384,0.4862625850340136,0.5741770267486572
Fraser 2021,0.2776133312935062,0.8793696484219938,0.0,0.18382002487927696,0.6541369851067282,0.862987756729126,0.6578191919191919,0.9648035168647766
Dry Creek 2020,0.3530260165375025,0.954597583415686,0.0,0.20510866035642356,0.7382410700288716,1.0480892658233643,0.5988861327663596,0.7546440362930298
Banner 2021,0.24869432919193335,1.4040848657610208,0.0,0.41537871427426587,0.8915869451365991,1.4799944162368774,0.4972607487218201,0.8597460389137268
Little Cottonwood 2021,0.407197410519058,1.7157038192388296,6.973754906880458e-12,0.5397881461260303,1.065947341300313,1.8054004907608032,0.23052178899082565,0.7261554002761841
Mores 2021,0.03889299440938625,1.3954652720766896,0.0,0.39756464003682557,0.9145271045588742,1.5961477756500244,0.4869843168527379,0.8634313344955444
All Sites,0.3147446360332892,1.3524828357017948,0.0,0.49564347143845566,0.8766772441696918,,,
