,random_r,random_rmse,fischerz,real_r,real_rmse
Mores 2020,0.23644854202782378,1.6709328765874207,0.0,0.08426767662873491,1.0739974121237865
Fraser 2021,0.19982844706625713,0.8709883169553679,0.05386828804825439,0.18382002487927696,0.6541369851067282
Dry Creek 2020,0.17410584782906693,1.04489543930196,0.012603317583650853,0.20510866035642356,0.7382410700288716
Banner 2021,-0.0031039776406443648,1.4620187767456112,0.0,0.41537871427426587,0.8915869451365991
Little Cottonwood 2021,0.3537500181728776,1.7154395073747515,0.0,0.5397881461260303,1.065947341300313
Mores 2021,0.23245723585217112,1.244134085700024,0.0,0.39756464003682557,0.9145271045588742
Banner 2020,0.46375104282494617,1.202578635700156,0.0,0.40022758224160293,0.9950183007831572
