,random_r,random_rmse,fischerz,real_r,real_rmse
Mores 2020,0.20555546437195438,1.7122394790298898,1.3566925360919413e-13,0.08426767662873491,1.0739974121237865
Fraser 2021,0.2862662716570893,0.8592677810008538,0.0,0.18382002487927696,0.6541369851067282
Dry Creek 2020,-0.03683757354219826,0.9857983752139572,0.0,0.20510866035642356,0.7382410700288716
Banner 2021,0.42264976001903487,1.4335617747578693,0.10917598164161246,0.41537871427426587,0.8915869451365991
Little Cottonwood 2021,0.07521354532876946,1.7957839690867443,0.0,0.5397881461260303,1.065947341300313
Mores 2021,0.6095908018802007,1.4014472429107698,0.0,0.39756464003682557,0.9145271045588742
All Sites,0.33805091291750666,1.371083435667018,0.0,0.49564347143845566,0.8766772441696918
