,random_r,random_rmse,fischerz,real_r,real_rmse,mean_snowdepth,fcf_mean,dry_percentage
Mores 2020,0.38944531744617744,1.4650414342389342,0.0,0.08426767662873491,1.0739974121237865,1.7877546548843384,0.4862625850340136,0.5741770267486572
Fraser 2021,0.2875416171106948,0.8464123989208371,0.0,0.18382002487927696,0.6541369851067282,0.862987756729126,0.6578191919191919,0.9648035168647766
Dry Creek 2020,0.13891440793326953,0.8416542874248352,2.4729351899566154e-10,0.20510866035642356,0.7382410700288716,1.0480892658233643,0.5988861327663596,0.7546440362930298
Banner 2021,0.2533285387512556,1.1915476785328365,0.0,0.41537871427426587,0.8915869451365991,1.4799944162368774,0.4972607487218201,0.8597460389137268
Little Cottonwood 2021,0.33252212431690076,1.6893913827310536,0.0,0.5397881461260303,1.065947341300313,1.8054004907608032,0.23052178899082565,0.7261554002761841
Mores 2021,0.3589078168126694,1.3023443571782563,0.0019051180663440803,0.39756464003682557,0.9145271045588742,1.5961477756500244,0.4869843168527379,0.8634313344955444
All Sites,0.4154684606859477,1.191171123149842,0.0,0.49564347143845566,0.8766772441696918,,,
