,random_r,random_rmse,fischerz,real_r,real_rmse
Mores 2020,0.1796992222698808,1.5733858740624445,6.295597154704069e-09,0.08426767662873491,1.0739974121237865
Fraser 2021,0.13447460963027708,0.8279606445916972,0.05926952369171712,0.18382002487927696,0.6541369851067282
Dry Creek 2020,0.1749447326800797,0.9148475168909728,0.010856001983978292,0.20510866035642356,0.7382410700288716
